{
  "collider": {
    "number": 6,
    "size": [
      0.4,
      0.5,
      2.0
    ],
    "center": [
      0.0,
      0.0,
      -0.45
    ]
  },
  "hit_particle": "wom:solar_obscuridad_polvora_hit",
  "hit_sound": "epicfight:entity.hit.blunt",
  "livingmotion_modifier": {
    "two_hand": {
      "idle": "epicfight:biped/living/hold_spear",
      "run": "epicfight:biped/living/run_spear",
      "walk": "epicfight:biped/living/walk_spear"
    }
  },
  "swing_sound": "cataclysm:swing",
  "styles": {
    "default": "two_hand",
    "cases": []
  },
  "combos": {
    "two_hand": [
      "wom:biped/combat/staff_auto_1",
      "wom:biped/combat/staff_auto_2",
      "wom:biped/combat/staff_auto_3",
      "wom:biped/combat/staff_dash",
      "wom:biped/combat/staff_kingkong"
    ]
  },
  "category": "staff",
  "innate_skills": {
    "two_hand": "wom:charybdis"
  }
}