{
  "collider": {
    "number": 4,
    "size": [
      0.4,
      0.7,
      0.4
    ],
    "center": [
      0.0,
      0.0,
      -0.1
    ]
  },
  "hit_particle": "epicfight:laser",
  "hit_sound": "epicfight:sfx.laser_blast",
  "livingmotion_modifier": {
    "one_hand": {
      "aim": "wom:biped/skill/enderblaster_onehand_aiming",
      "idle": "wom:biped/living/enderblaster_onehand_idle",
      "run": "wom:biped/living/enderblaster_onehand_run",
      "walk": "wom:biped/living/enderblaster_onehand_walk",
      "shot": "wom:biped/skill/enderblaster_onehand_aiming"
    }
  },
  "swing_sound": "epicfight:sfx.no_sound",
  "styles": {
    "default": "one_hand",
    "cases": []
  },
  "type": "epicfight:cataclysm_laser",
  "category": "ranged"
}