{
  "collider": {
    "number": 3,
    "size": [
      0.3,
      0.8,
      0.4
    ],
    "center": [
      0.1,
      0.5,
      0.0
    ]
  },
  "hit_particle": "wom:solar_hit_up",
  "hit_sound": "epicfight:entity.hit.blunt_hard",
  "livingmotion_modifier": {
    "two_hand": {
      "aim": "wom:biped/skill/enderblaster_onehand_aiming",
      "idle": "epicfight:biped/living/idle",
      "run": "epicfight:biped/living/run",
      "walk": "epicfight:biped/living/walk",
      "shot": "wom:biped/skill/enderblaster_onehand_aiming"
    },
    "one_hand": {
      "aim": "wom:biped/skill/enderblaster_onehand_aiming",
      "idle": "epicfight:biped/living/idle",
      "run": "epicfight:biped/living/run",
      "walk": "epicfight:biped/living/walk",
      "shot": "wom:biped/skill/enderblaster_onehand_aiming"
    }
  },
  "offhand_item_compatible_predicate": [],
  "swing_sound": "epicfight:entity.weapon.whoosh",
  "combos": {
    "two_hand": [
      "wom:biped/skill/strong_punch",
      "epicfight:biped/combat/fist_auto1",
      "epicfight:biped/combat/fist_dash",
      "wom:biped/combat/enderblaster_onehand_auto_2",
      "epicfight:biped/combat/dagger_dual_dash",
      "epicfight:biped/combat/sword_dual_airslash"
    ],
    "one_hand": [
      "epicfight:biped/combat/fist_dash",
      "epicfight:biped/combat/fist_auto2",
      "wom:biped/combat/enderblaster_onehand_auto_1",
      "epicfight:biped/combat/tool_dash",
      "epicfight:biped/combat/fist_airslash"
    ]
  },
  "styles": {
    "default": "one_hand",
    "cases": [
      {
        "style": "two_hand",
        "conditions": [
          {
            "predicate": "epicfight:offhand_item_category",
            "category": "greatsword"
          }
        ]
      }
    ]
  },
  "category": "greatsword",
  "innate_skills": {
    "two_hand": "epicfight:tsunami",
    "one_hand": "epicfight:tsunami"
  }
}