{
  "collider": {
    "number": 4,
    "size": [
      0.7,
      0.72,
      1.0
    ],
    "center": [
      0.0,
      0.0,
      -0.2
    ]
  },
  "hit_sound": "epicfight:entity.hit.blunt_hard",
  "hit_particle": "wom:solar_polvora_hit",
  "livingmotion_modifier": {
    "two_hand": {
      "idle": "wom:biped/living/torment_idle",
      "run": "wom:biped/living/torment_run",
      "block": "epicfight:biped/skill/guard_greatsword",
      "walk": "wom:biped/living/torment_walk"
    },
    "ochs": {
      "idle": "wom:biped/living/torment_idle",
      "run": "wom:biped/living/torment_run",
      "block": "epicfight:biped/skill/guard_greatsword",
      "walk": "wom:biped/living/torment_walk"
    }
  },
  "swing_sound": "cataclysm:axe_swing",
  "combos": {
    "two_hand": [
      "wom:biped/combat/torment_auto_1",
      "wom:biped/combat/solar_auto_2",
      "wom:biped/combat/torment_auto_3",
      "wom:biped/combat/solar_auto_4",
      "wom:biped/combat/staff_dash",
      "epicfight:biped/combat/longsword_airslash"
    ],
    "ochs": [
      "wom:biped/skill/torment_berserk_auto_1",
      "wom:biped/combat/solar_quemadura",
      "wom:biped/combat/torment_auto_4",
      "wom:biped/combat/agony_airslash",
      "wom:biped/combat/torment_airslam"
    ]
  },
  "styles": {
    "default": "two_hand",
    "cases": [
      {
        "style": "ochs",
        "conditions": [
          {
            "predicate": "epicfight:skill_active",
            "skill": "wom:true_berserk"
          }
        ]
      }
    ]
  },
  "category": "greatsword",
  "innate_skills": {
    "two_hand": "wom:true_berserk",
    "ochs": "wom:true_berserk"
  },
  "usable_in_offhand": true
}