{
  "collider": {
    "number": 6,
    "size": [
      0.5,
      0.8,
      1.0
    ],
    "center": [
      0.0,
      0.0,
      -1.0
    ]
  },
  "livingmotion_modifier": {
    "two_hand": {
      "aim": "wom:biped/skill/enderblaster_onehand_aiming",
      "idle": "wom:biped/living/solar_idle",
      "run": "wom:biped/living/solar_run",
      "walk": "wom:biped/living/solar_walk",
      "shot": "wom:biped/skill/enderblaster_onehand_aiming"
    }
  },
  "hit_particle": "wom:solar_cut",
  "hit_sound": "epicfight:entity.hit.blade",
  "swing_sound": "epicfight:entity.weapon.whoosh_hard",
  "combos": {
    "two_hand": [
      "wom:biped/combat/torment_auto_1",
      "wom:biped/combat/torment_auto_2",
      "wom:biped/combat/solar_auto_2",
      "wom:biped/combat/solar_obscuridad_auto_1",
      "wom:biped/combat/torment_charged_attack_2",
      "wom:biped/combat/solar_obscuridad_dinamita"
    ],
    "ochs": [
      "wom:biped/combat/solar_auto_4",
      "wom:biped/skill/solar_auto_4_polvora",
      "wom:biped/combat/torment_auto_2",
      "wom:biped/skill/solar_brasero_crematorio",
      "wom:biped/combat/solar_obscuridad_auto_2",
      "wom:biped/combat/solar_horno"
    ]
  },
  "styles": {
    "default": "two_hand",
    "cases": [
      {
        "style": "ochs",
        "conditions": [
          {
            "predicate": "epicfight:skill_active",
            "skill": "wom:true_berserk",
            "category": "not_weapon"
          }
        ]
      }
    ]
  },
  "category": "greatsword",
  "innate_skills": {
    "two_hand": "wom:true_berserk",
    "ochs": "wom:true_berserk"
  },
  "usable_in_offhand": false
}