{
  "collider": {
    "number": 4,
    "size": [
      0.4,
      0.4,
      0.8
    ],
    "center": [
      0.0,
      0.0,
      -0.75
    ]
  },
  "hit_particle": "wom:solar_obscuridad_polvora_hit",
  "hit_sound": "epicfight:entity.hit.blade",
  "livingmotion_modifier": {
    "two_hand": {
      "idle": "epicfight:biped/living/hold_dual",
      "run": "epicfight:biped/living/run_dual",
      "walk": "epicfight:biped/living/walk"
    },
    "one_hand": {
      "idle": "epicfight:biped/living/idle",
      "run": "epicfight:biped/living/run",
      "block": "epicfight:biped/skill/guard_sword",
      "walk": "epicfight:biped/living/walk"
    }
  },
  "offhand_item_compatible_predicate": [],
  "swing_sound": "cataclysm:strongswing",
  "styles": {
    "default": "one_hand",
    "cases": [
      {
        "style": "two_hand",
        "conditions": [
          {
            "predicate": "epicfight:offhand_item_category",
            "category": "sword"
          }
        ]
      }
    ]
  },
  "combos": {
    "two_hand": [
      "epicfight:biped/combat/mob_sword_dual1",
      "epicfight:biped/combat/sword_auto1",
      "epicfight:biped/combat/sword_dual_auto2",
      "epicfight:biped/combat/mob_sword_dual3",
      "epicfight:biped/combat/sword_dual_dash",
      "epicfight:biped/combat/sword_dual_airslash"
    ],
    "one_hand": [
      "epicfight:biped/combat/sword_auto1",
      "epicfight:biped/combat/sword_auto2",
      "epicfight:biped/combat/sword_auto3",
      "epicfight:biped/combat/longsword_auto1",
      "epicfight:biped/combat/sword_dash",
      "epicfight:biped/combat/sword_airslash"
    ]
  },
  "category": "sword",
  "innate_skills": {
    "two_hand": "epicfight:dancing_edge",
    "one_hand": "epicfight:sweeping_edge"
  }
}