{
  "collider": {
    "number": 6,
    "size": [
      0.4,
      0.5,
      2.0
    ],
    "center": [
      0.0,
      0.1,
      -0.5
    ]
  },
  "hit_particle": "cataclysm:sandstorm",
  "hit_sound": "epicfight:entity.hit.blade",
  "livingmotion_modifier": {
    "two_hand": {
      "idle": "epicfight:biped/living/hold_spear",
      "run": "epicfight:biped/living/run_spear",
      "block": "epicfight:biped/skill/guard_spear",
      "walk": "epicfight:biped/living/walk_spear"
    }
  },
  "swing_sound": "epicfight:entity.weapon.whoosh",
  "styles": {
    "default": "two_hand",
    "cases": []
  },
  "combos": {
    "two_hand": [
      "wom:biped/combat/agony_auto_1",
      "epicfight:biped/combat/spear_twohand_auto1",
      "epicfight:biped/combat/spear_twohand_auto2",
      "wom:biped/combat/agony_auto_4",
      "wom:biped/combat/agony_auto_2",
      "epicfight:biped/combat/spear_onehand_airslash"
    ]
  },
  "category": "spear",
  "innate_skills": {
    "two_hand": "wom:charybdis"
  }
}