{
  "collider": {
    "number": 4,
    "size": [
      0.3,
      1.1,
      0.5
    ],
    "center": [
      0.3,
      0.4,
      -0.4
    ]
  },
  "hit_particle": "wom:enderbullet_blast",
  "hit_sound": "epicfight:sfx.laser_blast",
  "livingmotion_modifier": {
    "one_hand": {
      "aim": "wom:biped/skill/enderblaster_onehand_aiming",
      "idle": "wom:biped/living/enderblaster_onehand_idle",
      "run": "epicfight:biped/living/hold_crossbow",
      "walk": "wom:biped/living/enderblaster_onehand_walk",
      "swim": "epicfight:biped/living/hold_crossbow"
    }
  },
  "swing_sound": "epicfight:entity.weapon.whoosh",
  "combos": {
    "one_hand": [
      "wom:biped/combat/enderblaster_onehand_auto_1",
      "wom:biped/combat/enderblaster_onehand_auto_4",
      "wom:biped/skill/enderblaster_onehand_shoot_1",
      "wom:biped/skill/enderblaster_onehand_shoot_3",
      "wom:biped/skill/enderblaster_onehand_shoot_dash",
      "wom:biped/skill/enderblaster_onehand_airshoot"
    ]
  },
  "styles": {
    "default": "one_hand",
    "cases": [
      {
        "style": "one_hand",
        "conditions": [
          {
            "predicate": "epicfight:offhand_item_category",
            "category": "shield"
          }
        ]
      }
    ]
  },
  "category": "enderblaster",
  "innate_skills": {
    "one_hand": "wom:ender_blast"
  }
}