{
  "collider": {
    "number": 3,
    "size": [
      0.3,
      0.9,
      0.4
    ],
    "center": [
      0.1,
      0.5,
      0.0
    ]
  },
  "attributes": {
    "two_hand": {
      "impact": 2.0,
      "max_strikes": 3,
      "armor_negation": 20.0,
      "damage_bonus": -3.0,
      "speed_bonus": 0.4
    },
    "one_hand": {
      "impact": 2.0,
      "max_strikes": 3,
      "armor_negation": 20.0,
      "damage_bonus": -3.0,
      "speed_bonus": 0.4
    }
  },
  "type": "epicfight:cataclysm_fist"
}